time,latitude,longitude,depth,mag,magType,nst,gap,dmin,rms,net,id,updated,place,type,horizontalError,depthError,magError,magNst,status,locationSource,magSource
2021-08-21T09:35:37.510Z,19.2390003204346,-155.396331787109,30.4500007629395,1.72000003,md,35,141,,0.150000006,hv,hv72658527,2021-08-21T09:39:01.050Z,"9 km ENE of Pāhala, Hawaii",earthquake,0.52,0.850000024,1.74000001,4,automatic,hv,hv
2021-08-21T09:35:24.860Z,33.8873333,-117.0416667,15.85,1.31,ml,54,27,0.06112,0.22,ci,ci40017064,2021-08-21T09:39:06.996Z,"8km SW of Beaumont, CA",earthquake,0.25,0.61,0.194,26,automatic,ci,ci
2021-08-21T09:26:59.248Z,62.4276,-149.5588,43.8,1.9,ml,,,,0.51,ak,ak021aphqgop,2021-08-21T09:31:42.597Z,"28 km E of Chase, Alaska",earthquake,,1.1,,,automatic,ak,ak
2021-08-21T09:23:00.480Z,38.8395004,-122.8235016,1.89,0.87,md,19,64,0.009404,0.03,nc,nc73612826,2021-08-21T09:24:36.879Z,"9km WNW of Cobb, CA",earthquake,0.28,0.52,0.01,2,automatic,nc,nc
2021-08-21T09:06:59.200Z,38.8348351,-122.8830032,2.39,0.97,md,19,71,0.003401,0.02,nc,nc73612821,2021-08-21T09:08:38.510Z,"12km ENE of Cloverdale, CA",earthquake,0.28,0.45,0.17,4,automatic,nc,nc
2021-08-21T08:50:11.670Z,38.8328323,-122.8166656,1.37,0.89,md,23,47,0.01074,0.02,nc,nc73612816,2021-08-21T08:51:48.132Z,"8km NW of The Geysers, CA",earthquake,0.19,0.35,0.13,4,automatic,nc,nc
2021-08-21T08:48:09.550Z,33.5333328,-116.9658356,4.07,1.22,ml,18,127,0.1219,0.33,ci,ci40017056,2021-08-21T08:51:55.019Z,"14km NW of Aguanga, CA",earthquake,1.3,2.1,0.438,9,automatic,ci,ci
2021-08-21T08:44:29.550Z,55.8062,-156.2198,29.5,3.3,ml,,,,0.69,ak,ak021aph8tn5,2021-08-21T08:52:00.040Z,"146 km ESE of Chignik, Alaska",earthquake,,0.7,,,automatic,ak,ak
2021-08-21T08:43:40.470Z,35.9068333,-117.7506667,1.86,0.34,ml,6,142,0.08904,0.2,ci,ci40017048,2021-08-21T08:47:14.306Z,"14km ESE of Little Lake, CA",earthquake,0.74,1.66,0.125,5,automatic,ci,ci
2021-08-21T08:39:11.780Z,38.0588,-118.7699,7.9,1.3,ml,13,77.39,0.284,0.3464,nn,nn00819240,2021-08-21T08:42:29.018Z,"32 km ENE of Lee Vining, California",earthquake,,2,0.08,4,automatic,nn,nn
2021-08-21T08:34:14.900Z,19.2196674346924,-155.41667175293,33.7900009155273,1.93,ml,45,138,,0.119999997,hv,hv72658447,2021-08-21T08:39:46.480Z,"6 km ENE of Pāhala, Hawaii",earthquake,0.55,0.839999974,0.04,3,automatic,hv,hv
2021-08-21T08:29:10.350Z,38.1451,-117.9743,9.7,1.2,ml,11,119.63,0.013,0.2191,nn,nn00819234,2021-08-21T08:32:19.302Z,"29 km SSE of Mina, Nevada",earthquake,,0.3,0.48,6,automatic,nn,nn
2021-08-21T08:20:10.979Z,38.1355,-117.9836,10,1.8,ml,24,76.74,0.019,0.2142,nn,nn00819230,2021-08-21T08:23:33.545Z,"30 km SSE of Mina, Nevada",earthquake,,0.2,0.3,13,automatic,nn,nn
2021-08-21T08:16:09.180Z,18.0088,-66.8158,16,2.73,md,21,158,0.2123,0.14,pr,pr2021233003,2021-08-21T08:46:32.238Z,"1 km NNE of Indios, Puerto Rico",earthquake,0.29,0.51,0.07,10,reviewed,pr,pr
2021-08-21T08:12:07.540Z,35.8856667,-117.7221667,2.62,0.61,ml,12,63,0.08441,0.11,ci,ci40017040,2021-08-21T08:15:38.791Z,"18km ESE of Little Lake, CA",earthquake,0.3,0.39,0.151,8,automatic,ci,ci
2021-08-21T08:03:32.420Z,19.1924991607666,-155.447494506836,32.0900001525879,2.18,ml,13,213,,0.119999997,hv,hv72658402,2021-08-21T08:09:01.900Z,"3 km ESE of Pāhala, Hawaii",earthquake,1.09,0.860000014,4.4,4,automatic,hv,hv
2021-08-21T07:57:01.569Z,63.9756,-144.2626,0,1.9,ml,,,,1.21,ak,ak021apgq4ab,2021-08-21T08:01:42.142Z,"21 km E of Healy Lake, Alaska",earthquake,,0.2,,,automatic,ak,ak
2021-08-21T07:53:17.990Z,19.1800003051758,-155.504501342773,33.1800003051758,2.13000011,md,35,157,,0.159999996,hv,hv72658382,2021-08-21T07:56:41.400Z,"3 km SW of Pāhala, Hawaii",earthquake,0.53,0.949999988,1.86000001,14,automatic,hv,hv
2021-08-21T07:46:16.640Z,37.354332,-118.5875015,9.37,1.87,md,12,115,0.01935,0.03,nc,nc73612806,2021-08-21T07:47:52.692Z,"7km S of Round Valley, CA",earthquake,0.37,0.73,0.1,12,automatic,nc,nc
2021-08-21T07:37:43.093Z,38.1228,-117.9853,12.2,0.8,ml,9,143.22,0.026,0.0813,nn,nn00819226,2021-08-21T07:42:46.995Z,"31 km SSE of Mina, Nevada",earthquake,,0.6,0.29,7,automatic,nn,nn
2021-08-21T07:18:33.655Z,-15.3836,-173.981,151.64,4.5,mb,,172,4.144,0.55,us,us6000f999,2021-08-21T07:35:50.040Z,"66 km NNW of Hihifo, Tonga",earthquake,11.9,8.3,0.131,17,reviewed,us,us
2021-08-21T07:15:23.813Z,62.1941,-151.2342,84.3,1.6,ml,,,,0.57,ak,ak021apgh5wn,2021-08-21T07:20:17.488Z,"24 km NNE of Skwentna, Alaska",earthquake,,0.8,,,automatic,ak,ak
2021-08-21T07:11:30.700Z,19.0356,-67.7531,55,3.63,md,20,236,0.7064,0.32,pr,pr2021233001,2021-08-21T08:23:13.352Z,"85 km NE of Punta Cana, Dominican Republic",earthquake,1.96,4.74,0.07,10,reviewed,pr,pr
2021-08-21T07:10:45.323Z,61.5569,-149.7744,34.6,1.5,ml,,,,0.31,ak,ak021apgg4ye,2021-08-21T07:14:56.615Z,"8 km SSE of Houston, Alaska",earthquake,,0.2,,,automatic,ak,ak
2021-08-21T07:05:16.660Z,37.8684998,-121.9960022,5.51,1.41,md,10,172,0.01,0.04,nc,nc73612801,2021-08-21T07:06:53.130Z,"4km ENE of Alamo, CA",earthquake,0.73,0.62,0.09,8,automatic,nc,nc
2021-08-21T06:54:59.530Z,19.2123336791992,-155.430328369141,34.2400016784668,1.88999999,md,39,155,,0.119999997,hv,hv72658292,2021-08-21T06:58:08.900Z,"5 km ENE of Pāhala, Hawaii",earthquake,0.64,0.930000007,0.620000005,3,automatic,hv,hv
2021-08-21T06:51:14.850Z,19.1439990997314,-155.447494506836,33.2400016784668,2,md,38,175,,0.129999995,hv,hv72658287,2021-08-21T06:54:33.780Z,"Island of Hawaii, Hawaii",earthquake,0.53,0.800000012,0.280000001,5,automatic,hv,hv
2021-08-21T06:46:48.430Z,19.1809997558594,-155.491500854492,36.6300010681152,2.03999996,md,39,150,,0.119999997,hv,hv72658282,2021-08-21T06:50:04.720Z,"2 km SSW of Pāhala, Hawaii",earthquake,0.54,0.829999983,0.469999999,9,automatic,hv,hv
2021-08-21T06:39:56.072Z,61.56,-141.253,0,2.1,ml,,,,0.53,ak,ak021apg0xxz,2021-08-21T06:46:33.388Z,"89 km E of McCarthy, Alaska",earthquake,,0.3,,,automatic,ak,ak
2021-08-21T06:31:30.940Z,19.2038326263428,-155.436996459961,32.810001373291,1.92999995,md,44,133,,0.129999995,hv,hv72658262,2021-08-21T06:34:47.950Z,"4 km E of Pāhala, Hawaii",earthquake,0.59,0.920000017,0.959999979,8,automatic,hv,hv
2021-08-21T06:31:19.550Z,19.0763,-67.7235,53,3.43,md,17,248,0.7337,0.46,pr,pr2021233002,2021-08-21T08:44:29.942Z,"90 km NE of Punta Cana, Dominican Republic",earthquake,3.11,8.17,0.06,8,reviewed,pr,pr
2021-08-21T06:28:11.070Z,38.8428345,-122.8253326,1.63,0.86,md,10,101,0.008992,0.02,nc,nc73612796,2021-08-21T06:29:47.890Z,"9km WNW of Cobb, CA",earthquake,0.37,0.8,,1,automatic,nc,nc
2021-08-21T06:23:01.310Z,19.2203330993652,-155.417831420898,33.2700004577637,2.55,ml,51,137,,0.140000001,hv,hv72658247,2021-08-21T06:28:38.520Z,"6 km ENE of Pāhala, Hawaii",earthquake,0.48,0.709999979,3.89,34,automatic,hv,hv
2021-08-21T06:22:23.810Z,19.2196674346924,-155.424331665039,32.8800010681152,2.55,ml,41,139,,0.129999995,hv,hv72658242,2021-08-21T06:27:53.540Z,"5 km ENE of Pāhala, Hawaii",earthquake,0.68,0.779999971,3.33,32,automatic,hv,hv
2021-08-21T06:14:48.240Z,19.0506,-67.71,64,3.43,md,16,236,0.705,0.22,pr,pr2021233000,2021-08-21T07:18:23.725Z,"89 km NW of San Antonio, Puerto Rico",earthquake,1.71,4.08,0.1,10,reviewed,pr,pr
2021-08-21T06:06:12.530Z,38.4964981,-119.5483322,2.28,2.1,md,9,117,0.03074,0.05,nc,nc73612791,2021-08-21T06:27:12.969Z,"30km NE of Dardanelle, CA",earthquake,0.3,0.76,0.15,11,automatic,nc,nc
2021-08-21T06:05:23.409Z,56.593,-155.0822,14.3,2.2,ml,,,,0.37,ak,ak021apftl2s,2021-08-21T06:12:29.498Z,"68 km SW of Akhiok, Alaska",earthquake,,1.8,,,automatic,ak,ak
2021-08-21T06:01:05.976Z,36.36738968,-97.34299469,1.567881703,2.33,ml,68,36.23296452,0.08878238499,0.7239597394,ok,ok2021qiiq,2021-08-21T06:05:04.446Z,"9 km NNW of Perry, Oklahoma",earthquake,1.423463623,1.1250508,,50,automatic,ok,ok
2021-08-21T05:57:35.850Z,19.195333480835,-155.488327026367,33.2999992370605,2.00999999,md,42,73,,0.109999999,hv,hv72658212,2021-08-21T06:00:54.400Z,"1 km SW of Pāhala, Hawaii",earthquake,0.49,0.720000029,0.379999995,21,automatic,hv,hv
2021-08-21T05:49:24.075Z,63.2442,-153.4207,3.9,1.5,ml,,,,0.78,ak,ak021apfhl0c,2021-08-21T06:00:37.941Z,"54 km ENE of Nikolai, Alaska",earthquake,,0.3,,,automatic,ak,ak
2021-08-21T05:34:55.788Z,44.7317,144.7381,26.19,4.3,mb,,144,1.654,0.57,us,us6000f98m,2021-08-21T05:57:38.040Z,"87 km NNE of Abashiri, Japan",earthquake,8.9,7.1,0.161,11,reviewed,us,us
2021-08-21T05:28:23.260Z,35.6818333,-117.5395,5.01,1.82,ml,25,93,0.1141,0.14,ci,ci40017008,2021-08-21T05:32:12.771Z,"14km ENE of Ridgecrest, CA",earthquake,0.25,0.62,0.155,26,automatic,ci,ci
2021-08-21T04:39:52.300Z,19.2220001220703,-155.416168212891,34.3899993896484,3.01,ml,52,138,,0.119999997,hv,hv72658047,2021-08-21T06:41:18.440Z,"6 km ENE of Pāhala, Hawaii",earthquake,0.42,0.579999983,3.77,36,automatic,hv,hv
2021-08-21T04:38:02.820Z,19.1774997711182,-155.498992919922,34.9000015258789,2.12,ml,43,98,,0.119999997,hv,hv72658042,2021-08-21T04:54:14.040Z,"3 km SW of Pāhala, Hawaii",earthquake,0.53,0.74000001,2.55,12,automatic,hv,hv
2021-08-21T04:37:01.262Z,57.5651,-155.4475,90.8,1.6,ml,,,,0.39,ak,ak021apetj2m,2021-08-21T04:40:39.078Z,"59 km W of Karluk, Alaska",earthquake,,0.7,,,automatic,ak,ak
2021-08-21T04:23:24.158Z,38.4467,-119.5558,5.9,0.7,ml,8,220.43,0.068,0.0719,nn,nn00819220,2021-08-21T04:26:46.244Z,"10 km SW of Walker, California",earthquake,,0.6,0.18,2,automatic,nn,nn
2021-08-21T04:14:17.411Z,38.6596,-119.5667,11.6,0.9,ml,11,178.77,0.082,0.0683,nn,nn00819218,2021-08-21T04:17:26.496Z,"4 km SSW of Topaz Lake, Nevada",earthquake,,0.7,0.44,5,automatic,nn,nn
2021-08-21T03:54:06.618Z,55.4735,-158.1265,42.9,3.6,ml,,,,0.99,ak,ak021apebqkj,2021-08-21T04:08:45.557Z,"80 km SE of Perryville, Alaska",earthquake,,3.1,,,automatic,ak,ak
2021-08-21T03:44:56.202Z,61.5683,-141.3006,0,2.5,ml,,,,0.65,ak,ak021ape9prb,2021-08-21T03:54:57.040Z,"87 km E of McCarthy, Alaska",earthquake,,0.4,,,automatic,ak,ak
2021-08-21T03:39:31.934Z,62.9821,-150.8007,104.1,2,ml,,,,0.74,ak,ak021ape8l92,2021-08-21T03:44:22.191Z,"54 km N of Petersville, Alaska",earthquake,,0.9,,,automatic,ak,ak
2021-08-21T03:34:24.770Z,60.5197,-152.112,102.7,1.7,ml,,,,0.72,ak,ak021ape7i4t,2021-08-21T03:39:01.358Z,"44 km WSW of Salamatof, Alaska",earthquake,,0.6,,,automatic,ak,ak
2021-08-21T03:31:37.720Z,19.1598339080811,-155.448165893555,36.6800003051758,1.91999996,md,31,192,,0.150000006,hv,hv72657937,2021-08-21T03:34:46.150Z,"5 km SE of Pāhala, Hawaii",earthquake,0.8,1.15999997,0.330000013,5,automatic,hv,hv
2021-08-21T03:26:08.799Z,44.3163,148.0082,107.08,4.2,mb,,137,3.898,0.53,us,us6000f982,2021-08-21T03:47:27.040Z,"101 km S of Kuril’sk, Russia",earthquake,10.9,5.7,0.159,11,reviewed,us,us
2021-08-21T03:23:11.926Z,61.6005,-146.377,31.6,1.2,ml,,,,1.04,ak,ak021ape549e,2021-08-21T03:27:19.928Z,"48 km SSE of Nelchina, Alaska",earthquake,,0.2,,,automatic,ak,ak
2021-08-21T03:17:55.281Z,16.1506,-98.5895,10,4.1,mb,,301,1.404,1.23,us,us6000f986,2021-08-21T04:07:33.040Z,"25 km SW of Santiago Tepextla, Mexico",earthquake,11.2,2,0.07,56,reviewed,us,us
2021-08-21T03:12:51.116Z,-6.9103,129.5503,155.57,4.5,mb,,87,2.035,0.58,us,us6000f97t,2021-08-21T03:31:11.040Z,"Banda Sea",earthquake,8.7,8.9,0.106,27,reviewed,us,us
2021-08-21T03:10:28.170Z,60.5662,-141.2611,30.5,1,ml,,,,0.52,ak,ak021ape2d7k,2021-08-21T03:14:58.357Z,"131 km SE of McCarthy, Alaska",earthquake,,0.2,,,automatic,ak,ak
2021-08-21T03:10:26.096Z,38.5321,-119.5249,3.5,1,ml,10,97.11,0.028,0.0696,nn,nn00819216,2021-08-21T03:13:36.091Z,"4 km SSW of Coleville, California",earthquake,,0.5,0.07,4,automatic,nn,nn
2021-08-21T02:54:16.060Z,33.0833333,-115.9298333,11.53,1.14,ml,9,137,0.0958,0.2,ci,ci40016976,2021-08-21T02:57:46.766Z,"20km ESE of Ocotillo Wells, CA",earthquake,0.64,1.58,0.171,21,automatic,ci,ci
2021-08-21T02:53:39.141Z,59.271,-152.8987,90.4,1.9,ml,,,,0.44,ak,ak021apdq68r,2021-08-21T02:58:36.391Z,"56 km W of Nanwalek, Alaska",earthquake,,0.4,,,automatic,ak,ak
2021-08-21T02:50:56.298Z,-57.7724,-24.6948,10,4.7,mb,,84,16.607,1.07,us,us6000f97q,2021-08-21T03:23:06.040Z,"South Sandwich Islands region",earthquake,11.5,1.9,0.104,30,reviewed,us,us
2021-08-21T02:23:58.540Z,19.2221660614014,-155.410171508789,32.4700012207031,2.03,ml,34,141,,0.170000002,hv,hv72657842,2021-08-21T02:29:28.830Z,"7 km ENE of Pāhala, Hawaii",earthquake,0.65,0.980000019,0.69,5,automatic,hv,hv
2021-08-21T02:20:11.714Z,27.1899,105.4357,10,4.9,mb,,99,6.002,0.92,us,us6000f97j,2021-08-21T04:59:36.124Z,"19 km SE of Bijie, China",earthquake,4.2,1.9,0.064,78,reviewed,us,us
2021-08-21T02:19:13.313Z,38.5723,-119.464,3.7,0.4,ml,8,109.98,0.046,0.1061,nn,nn00819214,2021-08-21T02:36:38.653Z,"3 km E of Coleville, California",earthquake,,1.2,0.08,2,automatic,nn,nn
2021-08-21T02:10:43.030Z,19.3363333333333,-155.112333333333,5.63,2.39,ml,41,142,,0.13,hv,hv72657827,2021-08-21T02:51:39.160Z,"14 km S of Fern Forest, Hawaii",earthquake,0.4,0.62,0.095414888924144,22,reviewed,hv,hv
2021-08-21T02:10:23.710Z,38.7943344,-122.7478333,0.95,0.83,md,13,93,0.01121,0.02,nc,nc73612761,2021-08-21T02:11:57.638Z,"2km NNE of The Geysers, CA",earthquake,0.28,0.52,0.21,4,automatic,nc,nc
2021-08-21T02:03:05.399Z,37.9715,72.5507,130.19,4.3,mb,,127,1.782,0.74,us,us6000f97f,2021-08-21T02:23:56.040Z,"102 km ENE of Khorugh, Tajikistan",earthquake,7.5,9.9,0.189,10,reviewed,us,us
2021-08-21T01:55:35.980Z,36.0748333,-117.639,1.73,1.27,ml,17,87,0.1137,0.12,ci,ci40016960,2021-08-21T01:59:16.177Z,"28km E of Coso Junction, CA",earthquake,0.2,0.32,0.16,16,automatic,ci,ci
2021-08-21T01:37:52.080Z,38.5183333,-119.5085,5.73,1.24,md,14,63,0.01484,0.1,nc,nc73612756,2021-08-21T04:12:43.172Z,"32km SE of Markleeville, CA",earthquake,0.33,0.38,0.154,9,reviewed,nc,nc
2021-08-21T01:33:48.960Z,37.5308333,-118.8365,2.27,0.98,md,19,112,0.05938,0.05,nc,nc73612751,2021-08-21T03:54:10.766Z,"14km WSW of Toms Place, CA",earthquake,0.46,0.87,0.086,13,reviewed,nc,nc
2021-08-21T01:27:32.200Z,58.3634,-133.4937,5,3,ml,,178,0.547,0.49,us,us6000f97b,2021-08-21T01:52:03.040Z,"54 km E of Juneau, Alaska",earthquake,2.7,2,0.077,22,reviewed,us,us
2021-08-21T01:23:46.160Z,38.5315,-119.5245,1.25,1,md,10,100,0.02857,0.08,nc,nc73612746,2021-08-21T04:11:12.829Z,"30km SE of Markleeville, CA",earthquake,0.34,0.87,0.225,9,reviewed,nc,nc
2021-08-21T01:22:14.640Z,33.97,-116.8483333,18.34,1.34,ml,48,45,0.0732,0.17,ci,ci40016952,2021-08-21T01:33:21.290Z,"6km NNE of Banning, CA",earthquake,0.21,0.49,0.229,28,automatic,ci,ci
2021-08-21T01:01:18.914Z,60.3525,-147.8169,24.7,1.5,ml,,,,0.7,ak,ak021apctjub,2021-08-21T01:04:34.345Z,"33 km NNE of Chenega, Alaska",earthquake,,0.3,,,automatic,ak,ak
2021-08-21T00:54:30.864Z,63.5651,-150.074,0,1.3,ml,,,,0.88,ak,ak021apcji29,2021-08-21T00:58:23.509Z,"59 km WNW of Cantwell, Alaska",earthquake,,0.4,,,automatic,ak,ak
2021-08-21T00:45:27.250Z,38.5778351,-122.4171677,3.63,1.53,md,8,122,0.05352,0.02,nc,nc73612741,2021-08-21T00:47:03.669Z,"3km E of Angwin, CA",earthquake,0.46,1.16,0.16,7,automatic,nc,nc
2021-08-21T00:43:50.540Z,61.7955,-151.2512,55.8,2.1,ml,,,,0.71,ak,ak021apch6qc,2021-08-21T00:55:43.117Z,"23 km SSE of Skwentna, Alaska",earthquake,,0.8,,,automatic,ak,ak
2021-08-21T00:40:43.084Z,35.809,124.6295,10,4.6,mb,,60,2.285,0.63,us,us6000f97a,2021-08-21T09:07:31.677Z,"173 km NW of Sinan, South Korea",earthquake,7.1,1.9,0.065,71,reviewed,us,us
2021-08-21T00:38:46.980Z,61.5628,-141.3365,6.7,1.9,ml,,,,0.59,ak,ak021apcg3wa,2021-08-21T00:43:41.409Z,"85 km E of McCarthy, Alaska",earthquake,,0.4,,,automatic,ak,ak
2021-08-21T00:21:29.941Z,63.205,-150.6781,127.1,2.4,ml,,,,0.45,ak,ak021apccfd9,2021-08-21T00:46:44.040Z,"64 km SE of Denali National Park, Alaska",earthquake,,0.7,,,automatic,ak,ak
2021-08-21T00:20:49.992Z,60.1046,-147.8898,13.1,1.5,ml,,,,1.16,ak,ak021apcc99q,2021-08-21T00:26:51.051Z,"8 km ENE of Chenega, Alaska",earthquake,,0.3,,,automatic,ak,ak
2021-08-21T00:18:15.730Z,19.3941669464111,-155.275497436523,1.26999998092651,1.88,ml,16,50,,0.119999997,hv,hv72657652,2021-08-21T00:23:47.250Z,"6 km SW of Volcano, Hawaii",earthquake,0.28,0.219999999,0.18,10,automatic,hv,hv
2021-08-21T00:14:13.750Z,19.201000213623,-155.402328491211,31.2900009155273,2.02,ml,30,171,,0.150000006,hv,hv72657647,2021-08-21T00:19:44.690Z,"8 km E of Pāhala, Hawaii",earthquake,0.61,1.03999996,0.15,3,automatic,hv,hv
2021-08-21T00:12:08.480Z,19.1464996337891,-155.445999145508,32.9700012207031,1.84000003,md,31,182,,0.150000006,hv,hv72657642,2021-08-21T00:15:15.980Z,"7 km SSE of Pāhala, Hawaii",earthquake,0.58,0.889999986,1.84000003,4,automatic,hv,hv
2021-08-21T00:10:27.767Z,35.11676407,-95.32500458,1.241182923,2.28,ml,15,238.1482544,0.1456299573,0.5233466978,ok,ok2021qhxb,2021-08-21T00:13:53.612Z,"4 km E of Quinton, Oklahoma",earthquake,6.531612271,2.515889211,,12,automatic,ok,ok
2021-08-21T00:01:29.437Z,38.5763,-119.4595,1.8,0.9,ml,10,76.17,0.048,0.1058,nn,nn00819209,2021-08-21T00:04:35.004Z,"4 km ENE of Coleville, California",earthquake,,10.9,0.23,5,automatic,nn,nn
2021-08-20T23:57:59.890Z,19.3231666666667,-155.113666666667,10.89,2.91,md,29,148,,0.11,hv,hv72657602,2021-08-21T00:23:34.560Z,"15 km S of Fern Forest, Hawaii",earthquake,0.36,0.23,0.200559528330945,13,reviewed,hv,hv
2021-08-20T23:55:05.938Z,3.8356,126.6372,48.19,4.4,mb,,113,3.129,0.63,us,us6000f96l,2021-08-21T02:33:50.040Z,"216 km SE of Sarangani, Philippines",earthquake,8.1,7.4,0.102,28,reviewed,us,us
2021-08-20T23:48:32.932Z,55.122,-157.1777,19.9,3.4,ml,,,,0.37,ak,ak021ao2numy,2021-08-21T00:30:49.538Z,"151 km SSE of Chignik, Alaska",earthquake,,3,,,reviewed,ak,ak
2021-08-20T23:35:06.922Z,57.8315,-155.9215,97,1.4,ml,,,,0.14,ak,ak021ao2l012,2021-08-20T23:38:58.047Z,"92 km WNW of Karluk, Alaska",earthquake,,1.4,,,automatic,ak,ak
2021-08-20T23:33:57.449Z,35.11385345,-95.3661499,5,2.93,ml,40,141.0747681,0.1219896451,0.8469353064,ok,ok2021qhvw,2021-08-20T23:47:54.040Z,"1 km SSE of Quinton, Oklahoma",earthquake,3.112148703,,,30,automatic,ok,ok
2021-08-20T23:27:37.250Z,38.5296669,-119.5266647,1.69,1.95,md,9,103,0.02658,0.08,nc,nc73612726,2021-08-20T23:31:28.036Z,"29km SE of Markleeville, CA",earthquake,0.34,0.75,0.19,7,automatic,nc,nc
2021-08-20T23:13:53.252Z,58.2855,-155.9615,153.5,2,ml,,,,0.71,ak,ak021ao2gdwi,2021-08-20T23:18:15.865Z,"60 km SE of King Salmon, Alaska",earthquake,,0.3,,,automatic,ak,ak
2021-08-20T23:06:30.790Z,35.8861667,-117.7211667,3.45,1.23,ml,24,35,0.08424,0.11,ci,ci40016928,2021-08-20T23:30:50.510Z,"18km ESE of Little Lake, CA",earthquake,0.15,0.5,0.2,16,reviewed,ci,ci
2021-08-20T22:59:00.490Z,33.1303333,-117.168,-0.26,1.09,ml,24,152,0.03935,0.22,ci,ci40016920,2021-08-20T23:26:53.120Z,"2km S of San Marcos, CA",quarry blast,0.68,31.61,0.147,12,reviewed,ci,ci
2021-08-20T22:53:29.889Z,61.5492,-141.2742,0,1.5,ml,,,,0.54,ak,ak021ao23h5n,2021-08-20T22:58:03.731Z,"88 km E of McCarthy, Alaska",earthquake,,0.4,,,automatic,ak,ak
2021-08-20T22:38:19.410Z,33.068,-115.566,11.01,1.28,ml,27,60,0.03253,0.21,ci,ci40016904,2021-08-20T23:22:35.673Z,"6km ENE of Westmorland, CA",earthquake,0.3,0.43,0.187,16,reviewed,ci,ci
2021-08-20T22:26:47.160Z,38.8288345,-122.8093338,1.45,0.85,md,13,66,0.005462,0.03,nc,nc73612716,2021-08-20T22:28:21.690Z,"7km NW of The Geysers, CA",earthquake,0.28,0.77,,1,automatic,nc,nc
2021-08-20T22:25:55.595Z,-57.9934,-25.4308,35,5,mb,,69,7.208,0.6,us,us6000f95e,2021-08-20T22:45:20.040Z,"South Sandwich Islands region",earthquake,9.5,1.9,0.08,50,reviewed,us,us
2021-08-20T22:25:26.995Z,-20.5775,169.9759,112.03,4.5,mb,,147,3.105,0.8,us,us6000f95q,2021-08-20T23:34:35.040Z,"135 km SSE of Isangel, Vanuatu",earthquake,5.3,8,0.127,18,reviewed,us,us
2021-08-20T22:25:13.648Z,38.1621,-118.1502,2.1,0.7,ml,9,184.17,0.077,0.0714,nn,nn00819204,2021-08-20T22:29:26.971Z,"25 km S of Mina, Nevada",earthquake,,1.5,0.33,6,automatic,nn,nn
2021-08-20T22:22:48.500Z,38.7879982,-122.7154999,0.71,0.67,md,8,103,0.01726,0.03,nc,nc73612711,2021-08-20T22:24:26.849Z,"2km NW of Anderson Springs, CA",earthquake,0.29,1.01,0.17,2,automatic,nc,nc
2021-08-20T22:20:30.400Z,32.3453333,-115.3183333,3.28,2.48,ml,25,118,0.07481,0.24,ci,ci40016880,2021-08-20T23:18:32.580Z,"12km W of Delta, B.C., MX",earthquake,0.4,0.61,0.236,23,reviewed,ci,ci
2021-08-20T22:13:43.126Z,60.2818,-141.6666,12,0.9,ml,,,,0.28,ak,ak021ao1uxg8,2021-08-20T22:24:00.110Z,"135 km NW of Yakutat, Alaska",earthquake,,0.8,,,automatic,ak,ak
2021-08-20T22:13:12.940Z,38.4356667,-119.5773333,2.86,1.61,md,14,81,0.08823,0.07,nc,nc73612706,2021-08-21T04:07:42.134Z,"25km ENE of Dardanelle, CA",earthquake,0.33,1.38,0.397,17,reviewed,nc,nc
2021-08-20T21:53:52.536Z,38.4457,-119.5523,4,0.9,ml,8,218,0.066,0.0558,nn,nn00819200,2021-08-20T21:57:09.447Z,"10 km SW of Walker, California",earthquake,,3,0.27,2,automatic,nn,nn
2021-08-20T21:53:46.588Z,61.1563,-140.5975,10.3,1.5,ml,,,,0.64,ak,ak021ao1i2te,2021-08-20T21:57:17.355Z,"128 km ESE of McCarthy, Alaska",earthquake,,0.3,,,automatic,ak,ak
2021-08-20T21:44:19.230Z,34.9895,-118.192,-0.84,1.49,ml,18,58,0.1144,0.25,ci,ci40016848,2021-08-20T23:31:26.732Z,"7km SSW of Mojave, CA",quarry blast,0.49,31.61,0.214,12,reviewed,ci,ci
2021-08-20T21:36:42.550Z,35.8893333,-117.7213333,4.05,1.11,ml,22,42,0.08205,0.09,ci,ci40016824,2021-08-20T23:10:19.460Z,"18km ESE of Little Lake, CA",earthquake,0.13,0.35,0.152,15,reviewed,ci,ci
2021-08-20T21:26:53.700Z,35.9785,-117.6898333,2.15,0.84,ml,14,59,0.04424,0.08,ci,ci40016808,2021-08-20T21:35:04.924Z,"20km ENE of Little Lake, CA",earthquake,0.15,0.14,0.199,9,reviewed,ci,ci
2021-08-20T21:25:49.960Z,58.5461,-138.6735,0,2.5,ml,,,,1.05,ak,ak021ao1c30f,2021-08-20T21:56:53.040Z,"126 km SSE of Yakutat, Alaska",earthquake,,0.8,,,automatic,ak,ak
2021-08-20T21:20:33.520Z,19.1105003356934,-155.417663574219,36.25,2.05999994,md,19,195,,0.150000006,hv,hv72657377,2021-08-20T21:23:42.300Z,"12 km SSE of Pāhala, Hawaii",earthquake,0.98,1.71000004,2.05999994,4,automatic,hv,hv
2021-08-20T21:07:42.410Z,35.8861667,-117.721,4.33,0.56,ml,13,63,0.08415,0.08,ci,ci40016800,2021-08-20T21:35:50.564Z,"18km ESE of Little Lake, CA",earthquake,0.16,0.39,0.134,5,reviewed,ci,ci
2021-08-20T21:07:40.437Z,57.7055,-155.8671,4.5,2.3,ml,,,,0.91,ak,ak021ao187dt,2021-08-20T22:05:00.040Z,"85 km W of Karluk, Alaska",earthquake,,0.3,,,automatic,ak,ak
2021-08-20T20:52:54.550Z,38.8196678,-122.7836685,1.61,0.7,md,9,66,0.006811,0.03,nc,nc73612686,2021-08-20T20:54:30.699Z,"5km W of Cobb, CA",earthquake,0.35,0.74,0.14,2,automatic,nc,nc
2021-08-20T20:52:50.430Z,35.8888333,-117.7211667,4.17,1.85,ml,33,29,0.08231,0.12,ci,ci40016792,2021-08-20T21:29:55.290Z,"18km ESE of Little Lake, CA",earthquake,0.13,0.32,0.17,24,reviewed,ci,ci
2021-08-20T20:52:24.660Z,38.8199997,-122.8034973,2.45,1.17,md,30,35,0.006155,0.03,nc,nc73612681,2021-08-20T20:55:20.561Z,"6km NW of The Geysers, CA",earthquake,0.19,0.39,0.14,5,automatic,nc,nc
2021-08-20T20:51:44.415Z,38.5301,-119.4262,0.6,1.5,ml,12,72.61,0.028,0.1853,nn,nn00819192,2021-08-21T02:40:46.028Z,"4 km ENE of Walker, California",earthquake,,5.9,0.33,6,reviewed,nn,nn
2021-08-20T20:50:16.040Z,37.9860001,-122.2496643,6.31,1.11,md,10,69,0.02707,0.05,nc,nc73612671,2021-08-20T20:51:50.588Z,"4km ENE of El Sobrante, CA",earthquake,0.31,0.73,0.11,6,automatic,nc,nc
2021-08-20T20:48:07.055Z,35.9229,-114.965,0.6,2.1,ml,8,168.8,0.237,0.1842,nn,nn00819190,2021-08-21T04:03:22.687Z,"13 km S of Henderson, Nevada",earthquake,,2.1,0.47,3,reviewed,nn,nn
2021-08-20T20:47:12.820Z,35.887,-117.722,4.2,0.83,ml,16,62,0.0841,0.09,ci,ci40016776,2021-08-20T21:01:18.307Z,"18km ESE of Little Lake, CA",earthquake,0.15,0.35,0.123,10,reviewed,ci,ci
2021-08-20T20:44:19.141Z,-7.9838,-74.4216,165.17,4.3,mb,,106,1.719,1.13,us,us6000f94g,2021-08-20T23:05:30.040Z,"46 km NNE of Pucallpa, Peru",earthquake,5.4,9.9,0.168,12,reviewed,us,us
2021-08-20T20:43:54.630Z,19.2245006561279,-155.417007446289,33.3199996948242,2.0999999,md,40,135,,0.119999997,hv,hv72657312,2021-08-20T20:47:03.560Z,"6 km ENE of Pāhala, Hawaii",earthquake,0.62,0.839999974,0.850000024,19,automatic,hv,hv
2021-08-20T20:35:49.873Z,31.67977675,-104.4032937,7.211303711,2.5,ml,26,53,0.08384791782,0.3,tx,tx2021qhqa,2021-08-20T22:49:11.104Z,"55 km S of Whites City, New Mexico",earthquake,0.8221801233,1.079091593,0.1,12,reviewed,tx,tx
2021-08-20T20:32:17.719Z,38.1328,-117.9833,12,1,ml,11,139.14,0.02,0.0548,nn,nn00819189,2021-08-20T20:36:06.339Z,"30 km SSE of Mina, Nevada",earthquake,,0.7,0.25,7,automatic,nn,nn
2021-08-20T20:27:35.330Z,19.2221660614014,-155.414672851562,32.5200004577637,1.75999999,md,16,189,,0.189999998,hv,hv72657282,2021-08-20T20:30:32.480Z,"7 km ENE of Pāhala, Hawaii",earthquake,2.35,2.03999996,1.78999996,4,automatic,hv,hv
2021-08-20T20:26:53.340Z,48.0858333333333,-121.941833333333,-0.54,1.64,ml,8,103,0.11,0.23,uw,uw61760232,2021-08-20T20:53:07.240Z,"2 km E of Granite Falls, Washington",explosion,0.67,31.61,0.119913004840085,4,reviewed,uw,uw
2021-08-20T20:16:25.963Z,38.1923,-117.8698,6.4,1.3,ml,17,112.98,0.03,0.2005,nn,nn00819184,2021-08-20T20:20:09.672Z,"30 km SE of Mina, Nevada",earthquake,,0.3,0.28,11,automatic,nn,nn
2021-08-20T20:16:24.700Z,19.2385,-155.391833333333,32.15,3.28,ml,51,140,,0.13,hv,hv72657267,2021-08-20T23:27:21.114Z,"9 km ENE of Pāhala, Hawaii",earthquake,0.44,0.53,0.196902590125807,36,reviewed,hv,hv
2021-08-20T20:16:19.080Z,19.2385005950928,-155.39533996582,37.560001373291,2.93,ml,45,139,,0.270000011,hv,hv72657262,2021-08-20T23:26:00.851Z,"9 km ENE of Pāhala, Hawaii",earthquake,0.78,1.08000004,3.63,37,automatic,hv,hv
2021-08-20T20:14:53.050Z,33.2926667,-116.283,3.79,1.13,ml,36,42,0.073,0.24,ci,ci40016752,2021-08-20T20:28:20.520Z,"10km ENE of Borrego Springs, CA",earthquake,0.32,0.8,0.179,26,reviewed,ci,ci
2021-08-20T20:13:25.700Z,37.3828333,-121.7353333,8.06,0.98,md,24,54,0.0285,0.07,nc,nc73612656,2021-08-21T00:35:23.545Z,"8km ENE of Alum Rock, CA",earthquake,0.22,0.39,0.19,20,reviewed,nc,nc
2021-08-20T20:12:26.550Z,61.3322,-151.5016,75.2,2.8,ml,,,,0.67,ak,ak021ao0ntb5,2021-08-20T20:18:28.697Z,"30 km NW of Beluga, Alaska",earthquake,,0.5,,,automatic,ak,ak
2021-08-20T20:11:10.180Z,34.6225,-117.3265,-1.01,1.41,ml,17,92,0.3143,0.27,ci,ci40016744,2021-08-20T20:35:04.582Z,"9km ENE of Adelanto, CA",quarry blast,1.01,31.61,0.268,5,reviewed,ci,ci
2021-08-20T20:05:39.410Z,38.8011665,-122.8161697,2.8,0.7,md,15,76,0.01641,0.02,nc,nc73612641,2021-08-20T20:07:15.865Z,"6km WNW of The Geysers, CA",earthquake,0.31,0.84,0.09,2,automatic,nc,nc
2021-08-20T20:04:37.450Z,35.8803333,-117.6675,6.34,-0.04,ml,6,94,0.06884,0.12,ci,ci40016728,2021-08-20T20:30:13.553Z,"22km ESE of Little Lake, CA",earthquake,0.41,1.62,0.102,2,reviewed,ci,ci
2021-08-20T20:03:26.003Z,38.3159,-118.711,22.2,1.2,ml,16,174.24,0.148,0.1171,nn,nn00819180,2021-08-21T02:40:19.201Z,"24 km SSW of Hawthorne, Nevada",earthquake,,2.2,0.42,3,reviewed,nn,nn
2021-08-20T20:01:53.501Z,38.2494,-119.1168,3.8,1.1,ml,8,210.2,0.286,0.0984,nn,nn00819179,2021-08-20T20:05:56.834Z,"10 km E of Bridgeport, California",earthquake,,22,0.39,3,automatic,nn,nn
2021-08-20T20:01:08.600Z,38.5086667,-119.5321667,4.5,1.46,md,14,60,0.02789,0.11,nc,nc73612636,2021-08-21T03:54:40.940Z,"30km SE of Markleeville, CA",earthquake,0.3,0.23,0.218,16,reviewed,nc,nc
2021-08-20T19:54:56.590Z,33.8745,-117.499,-0.53,0.91,ml,18,114,0.07252,0.2,ci,ci40016712,2021-08-20T20:23:13.137Z,"2km E of Home Gardens, CA",quarry blast,0.48,31.61,0.127,14,reviewed,ci,ci
2021-08-20T19:52:10.230Z,19.1538333892822,-155.458160400391,34.2000007629395,1.91999996,md,31,169,,0.170000002,hv,hv72657222,2021-08-20T19:55:26.200Z,"5 km SSE of Pāhala, Hawaii",earthquake,0.79,1.38,0.349999994,9,automatic,hv,hv
2021-08-20T19:51:13.870Z,38.7999992,-122.8174973,2.5,1.8,md,35,65,0.01272,0.04,nc,nc73612631,2021-08-20T19:54:11.770Z,"6km WNW of The Geysers, CA",earthquake,0.21,0.34,0.05,9,automatic,nc,nc
2021-08-20T19:49:22.625Z,59.7205,-152.6946,86.1,1.4,ml,,,,0.56,ak,ak021ao0aaea,2021-08-20T19:52:55.410Z,"48 km W of Anchor Point, Alaska",earthquake,,0.7,,,automatic,ak,ak
2021-08-20T19:46:03.270Z,19.1843338012695,-155.462493896484,34.8800010681152,1.87,md,34,113,,0.129999995,hv,hv72657217,2021-08-20T19:49:27.310Z,"2 km SE of Pāhala, Hawaii",earthquake,0.73,1.04999995,0.239999995,5,automatic,hv,hv
2021-08-20T19:45:49.320Z,31.61291177,-104.1025022,7.468383789,2.1,ml,24,52,0.08146362355,0.2,tx,tx2021qhoi,2021-08-20T22:40:57.811Z,"44 km NW of Toyah, Texas",earthquake,0.8105864073,0.9349349011,0.1,10,reviewed,tx,tx
2021-08-20T19:31:37.680Z,19.1473,-67.679,23,3.17,md,6,329,0.8857,0.15,pr,pr2021232013,2021-08-20T20:25:09.980Z,"94 km NW of San Antonio, Puerto Rico",earthquake,1.42,14.34,0.06,4,reviewed,pr,pr
2021-08-20T19:25:05.996Z,-11.975,166.5693,142.71,4.8,mb,,68,3.506,0.68,us,us6000f93j,2021-08-20T19:41:29.040Z,"161 km SSE of Lata, Solomon Islands",earthquake,8.3,5.3,0.068,66,reviewed,us,us
2021-08-20T19:02:59.460Z,38.8348351,-122.8178329,1.19,0.85,md,8,108,0.01293,0.01,nc,nc73612626,2021-08-20T19:04:34.616Z,"8km NW of The Geysers, CA",earthquake,0.33,0.81,,1,automatic,nc,nc
2021-08-20T18:59:14.576Z,-57.172,-25.0797,29.54,5,mb,,90,7.062,0.43,us,us6000f923,2021-08-20T19:19:53.040Z,"South Sandwich Islands region",earthquake,11.5,5.4,0.093,40,reviewed,us,us
2021-08-20T18:49:35.890Z,38.8294983,-122.8106689,1.54,1,md,26,39,0.006112,0.02,nc,nc73612621,2021-08-20T18:51:11.225Z,"8km NW of The Geysers, CA",earthquake,0.18,0.34,0.13,5,automatic,nc,nc
2021-08-20T18:45:50.670Z,40.4493332,-125.0199966,2.06,2.87,md,34,258,0.5762,0.18,nc,nc73612616,2021-08-20T19:16:13.421Z,"64km WNW of Petrolia, CA",earthquake,1.51,3.55,0.17,11,automatic,nc,nc
2021-08-20T18:39:27.620Z,38.7145004,-122.850502,6.17,1.63,md,32,177,0.05427,0.04,nc,nc73612601,2021-08-20T18:41:06.242Z,"11km SW of The Geysers, CA",earthquake,0.41,0.74,0.08,8,automatic,nc,nc
2021-08-20T18:38:35.790Z,38.5411667,-119.5275,4.14,0.78,md,12,69,0.02986,0.09,nc,nc73612611,2021-08-20T19:25:24.335Z,"29km SE of Markleeville, CA",earthquake,0.3,0.45,0.045,8,reviewed,nc,nc
2021-08-20T18:38:01.346Z,61.1737,-140.5536,0,1.5,ml,,,,0.54,ak,ak021anzmgrw,2021-08-20T18:43:05.305Z,"130 km ESE of McCarthy, Alaska",earthquake,,0.4,,,automatic,ak,ak
2021-08-20T18:37:57.270Z,35.6713333,-117.5555,2.49,0.81,ml,18,88,0.08943,0.11,ci,ci40016664,2021-08-20T19:17:00.725Z,"12km ENE of Ridgecrest, CA",earthquake,0.19,0.44,0.07,9,reviewed,ci,ci
2021-08-20T18:37:33.590Z,33.079,-115.9528333,3.84,1.26,ml,37,65,0.1154,0.2,ci,ci40016656,2021-08-20T19:13:53.127Z,"18km ESE of Ocotillo Wells, CA",earthquake,0.29,1.2,0.149,21,reviewed,ci,ci
2021-08-20T18:35:47.080Z,38.5548333,-119.5335,4.21,1.4,md,17,68,0.03284,0.11,nc,nc73612596,2021-08-21T03:50:40.137Z,"27km ESE of Markleeville, CA",earthquake,0.28,0.42,0.333,17,reviewed,nc,nc
2021-08-20T18:32:56.350Z,35.4055,-117.742,7.45,1.53,ml,32,76,0.08859,0.12,ci,ci40016648,2021-08-20T19:10:04.180Z,"10km WNW of Johannesburg, CA",earthquake,0.16,0.67,0.248,24,reviewed,ci,ci
2021-08-20T18:32:46.062Z,66.3059,-157.466,0,2.4,ml,,,,0.91,ak,ak021anzl9xa,2021-08-20T18:41:24.833Z,"66 km SSW of Shungnak, Alaska",earthquake,,0.3,,,automatic,ak,ak
2021-08-20T18:32:31.040Z,38.7480011,-122.7411652,1.58,1.34,md,17,107,0.0054,0.03,nc,nc73612586,2021-08-20T18:34:05.813Z,"4km SSE of The Geysers, CA",earthquake,0.24,0.35,0.11,5,automatic,nc,nc
2021-08-20T18:27:46.970Z,33.0663333,-115,-0.25,1.98,ml,15,85,0.09564,0.27,ci,ci40016640,2021-08-20T23:33:01.739Z,"45km NE of Holtville, CA",quarry blast,0.61,31.61,0.187,3,reviewed,ci,ci
2021-08-20T18:12:06.670Z,38.7488327,-122.7411652,1.27,0.6,md,8,140,0.004693,0.03,nc,nc73612576,2021-08-20T18:13:40.557Z,"3km SSE of The Geysers, CA",earthquake,0.34,0.63,0.28,2,automatic,nc,nc
2021-08-20T18:10:51.290Z,35.907,-117.7291667,5.94,0.83,ml,17,56,0.07586,0.06,ci,ci40016616,2021-08-20T18:26:09.915Z,"16km ESE of Little Lake, CA",earthquake,0.12,0.36,0.092,9,reviewed,ci,ci
2021-08-20T18:08:31.530Z,35.672,-117.5556667,2.35,0.29,ml,8,145,0.1144,0.03,ci,ci40016624,2021-08-20T18:28:58.138Z,"12km ENE of Ridgecrest, CA",earthquake,0.19,0.32,0.066,2,reviewed,ci,ci
2021-08-20T18:07:58.879Z,30.959484,-103.3930177,4.229174805000001,2.1,ml,22,63,0.07088899552,0.2,tx,tx2021qhlc,2021-08-20T23:03:24.441Z,"33 km E of Balmorhea, Texas",earthquake,0.8075323490000001,1.278805367,0.1,14,reviewed,tx,tx
2021-08-20T18:03:48.100Z,19.2115001678467,-155.416168212891,32.810001373291,1.94000006,md,33,158,,0.100000001,hv,hv72657087,2021-08-20T18:07:08.990Z,"6 km E of Pāhala, Hawaii",earthquake,0.56,0.860000014,0.389999986,11,automatic,hv,hv
2021-08-20T18:02:26.930Z,33.5305,-116.7576667,4.97,0.54,ml,21,43,0.03874,0.11,ci,ci40016608,2021-08-20T18:22:05.936Z,"8km WSW of Anza, CA",earthquake,0.2,0.41,0.145,9,reviewed,ci,ci
2021-08-20T18:01:33.840Z,40.3163338,-124.3141632,24.35,3.23,ml,17,219,0.02352,0.12,nc,nc73612571,2021-08-20T22:53:21.040Z,"3km WSW of Petrolia, CA",earthquake,1.34,0.97,0.21,9,automatic,nc,nc
2021-08-20T18:01:15.300Z,38.8411674,-122.8243332,1.73,0.72,md,13,95,0.009083,0.01,nc,nc73612566,2021-08-20T18:02:50.463Z,"9km WNW of Cobb, CA",earthquake,0.28,0.72,0.14,2,automatic,nc,nc
2021-08-20T18:01:04.180Z,19.2094993591309,-155.428665161133,31.7299995422363,1.88,ml,32,137,,0.140000001,hv,hv72657082,2021-08-20T18:06:35.170Z,"5 km E of Pāhala, Hawaii",earthquake,0.57,0.879999995,0.51,3,automatic,hv,hv
2021-08-20T17:47:39.710Z,33.6433333,-116.6983333,15.21,0.51,ml,18,64,0.0327,0.06,ci,ci40016600,2021-08-20T18:09:56.663Z,"10km NNW of Anza, CA",earthquake,0.17,0.22,0.059,4,reviewed,ci,ci
2021-08-20T17:45:46.310Z,19.404,-155.262,0.03,2.34,ml,26,88,,0.09,hv,hv72657057,2021-08-20T22:58:35.020Z,"5 km SW of Volcano, Hawaii",earthquake,0.12,0.15,0.238988973738119,23,reviewed,hv,hv
2021-08-20T17:39:52.780Z,19.4021666666667,-155.2625,-0.32,1.88,ml,25,85,,0.08,hv,hv72657047,2021-08-21T00:27:01.040Z,"5 km SSW of Volcano, Hawaii",earthquake,0.15,0.21,0.125176512125673,12,reviewed,hv,hv
2021-08-20T17:38:17.928Z,38.1602,-117.8352,12,0.2,ml,10,97.27,0.029,0.1338,nn,nn00819168,2021-08-20T17:43:03.323Z,"35 km SE of Mina, Nevada",earthquake,,0.6,0.34,7,automatic,nn,nn
2021-08-20T17:24:23.380Z,19.9985,-155.856833333333,8.28,2.28,ml,28,163,,0.14,hv,hv72657032,2021-08-21T03:44:31.017Z,"3 km NW of Puako, Hawaii",earthquake,0.51,0.64,0.0447592945373914,6,reviewed,hv,hv
2021-08-20T17:23:15.260Z,44.7856667,-110.9345,6.85,1.73,ml,17,111,0.05743,0.17,uu,uu60454127,2021-08-20T17:54:35.820Z,"19 km NE of West Yellowstone, Montana",earthquake,0.37,0.81,0.25,6,reviewed,uu,uu
2021-08-20T17:18:14.940Z,38.5411667,-119.5133333,3.6,0.38,md,7,105,0.03677,0.1,nc,nc73612551,2021-08-21T03:48:09.682Z,"30km ESE of Markleeville, CA",earthquake,0.48,0.86,0.125,6,reviewed,nc,nc
2021-08-20T17:17:02.980Z,38.5421667,-119.5453333,3.5,1.15,md,13,70,0.02004,0.09,nc,nc73612556,2021-08-20T19:23:24.351Z,"27km SE of Markleeville, CA",earthquake,0.29,0.39,0.113,9,reviewed,nc,nc
2021-08-20T17:15:02.186Z,63.4054,-145.1957,1.9,2.5,ml,,,,0.89,ak,ak021anyw3p7,2021-08-20T22:27:40.040Z,"38 km SW of Dry Creek, Alaska",earthquake,,0.5,,,automatic,ak,ak
2021-08-20T17:07:22.820Z,44.7888333,-110.9306667,5.48,0.11,md,8,160,0.05709,0.19,uu,uu60028484,2021-08-20T17:48:54.590Z,"Wyoming",earthquake,0.56,1.09,0.613,2,reviewed,uu,uu
2021-08-20T17:07:00.210Z,44.7796667,-110.9258333,4.95,0.17,md,6,178,0.05434,0.18,uu,uu60028479,2021-08-20T17:45:47.150Z,"19 km NE of West Yellowstone, Montana",earthquake,0.58,0.52,0.424,4,reviewed,uu,uu
2021-08-20T17:06:51.260Z,44.7853333,-110.9308333,5.77,0.66,md,12,111,0.05728,0.16,uu,uu60454122,2021-08-20T17:41:38.460Z,"19 km NE of West Yellowstone, Montana",earthquake,0.47,0.81,0.451,7,reviewed,uu,uu
2021-08-20T17:06:16.820Z,44.7906667,-110.9315,6.26,1.04,ml,14,114,0.05772,0.17,uu,uu60454117,2021-08-20T17:38:31.290Z,"19 km NE of West Yellowstone, Montana",earthquake,0.47,0.92,0.161,3,reviewed,uu,uu
2021-08-20T17:02:43.680Z,35.9875,-117.3225,5.52,0.84,ml,15,195,0.1015,0.13,ci,ci40016552,2021-08-20T17:37:28.461Z,"25km NNE of Trona, CA",earthquake,0.38,0.86,0.127,7,reviewed,ci,ci
2021-08-20T17:00:28.400Z,44.7905,-110.9323333,9.42,3.05,ml,26,74,0.05831,0.2,uu,uu60454112,2021-08-20T19:57:53.040Z,"19 km NE of West Yellowstone, Montana",earthquake,0.39,0.65,0.254,9,reviewed,uu,uu
2021-08-20T16:55:06.130Z,34.0671667,-117.005,7.72,1.25,ml,43,40,0.05666,0.15,ci,ci40016544,2021-08-20T18:19:09.728Z,"5km NE of Yucaipa, CA",earthquake,0.15,0.42,0.151,21,reviewed,ci,ci
2021-08-20T16:53:43.720Z,35.9813333,-117.3226667,3.61,1.97,ml,32,79,0.09568,0.14,ci,ci40016536,2021-08-20T18:16:35.160Z,"25km NNE of Trona, CA",earthquake,0.24,0.57,0.11,26,reviewed,ci,ci
2021-08-20T16:53:39.423Z,-20.9163,-178.8789,632.57,4.3,mb,,144,4.283,0.86,us,us6000f8vk,2021-08-20T18:47:09.040Z,"Fiji region",earthquake,9.2,9.1,0.101,28,reviewed,us,us
2021-08-20T16:51:41.140Z,46.8538333333333,-121.920666666667,4.31,0.25,ml,15,73,0.02283,0.11,uw,uw61760107,2021-08-20T17:35:48.870Z,"13 km NE of Ashford, Washington",earthquake,0.31,0.54,0.0526032562998233,4,reviewed,uw,uw
2021-08-20T16:49:39.960Z,34.8496667,-118.7918333,-1.35,1.2,ml,11,117,0.07412,0.22,ci,ci40016528,2021-08-20T17:59:57.514Z,"7km E of Lebec, CA",quarry blast,0.71,31.61,0.164,2,reviewed,ci,ci
2021-08-20T16:45:03.715Z,-9.2484,124.1658,97.01,4.8,mww,,59,0.513,1.31,us,us6000f8vf,2021-08-20T16:57:31.040Z,"24 km WSW of Pante Makasar, Timor Leste",earthquake,7.4,8.3,0.098,10,reviewed,us,us
2021-08-20T16:26:52.030Z,17.9511,-67.0995,10,2.44,md,6,247,0.0562,0.08,pr,pr2021232012,2021-08-20T17:16:58.251Z,"6 km WSW of La Parguera, Puerto Rico",earthquake,0.91,0.33,0.11,3,reviewed,pr,pr
2021-08-20T16:24:53.050Z,32.8123333,-116.1181667,8.58,1.65,ml,48,56,0.02702,0.18,ci,ci40016520,2021-08-20T18:10:16.664Z,"14km NW of Ocotillo, CA",earthquake,0.19,0.41,0.121,25,reviewed,ci,ci
2021-08-20T16:20:42.020Z,44.7666667,-111.7303333,11.29,1.35,ml,23,82,0.059,0.21,mb,mb80520074,2021-08-20T19:50:44.260Z,"42 km W of Hebgen Lake Estates, Montana",earthquake,0.48,0.66,0.186,10,reviewed,mb,mb
2021-08-20T16:17:44.840Z,38.5695,-112.1768333,14.45,0.98,md,8,169,0.2156,0.15,uu,uu60454092,2021-08-20T16:46:58.430Z,"7 km SSE of Joseph, Utah",earthquake,2.77,1.12,0.12,5,reviewed,uu,uu
2021-08-20T16:14:00.059Z,64.7582,-148.915,16,1,ml,,,,0.4,ak,ak021anyaga2,2021-08-20T16:26:28.266Z,"19 km NNE of Four Mile Road, Alaska",earthquake,,0.3,,,automatic,ak,ak
2021-08-20T16:12:33.049Z,69.6112,-144.2831,0,2.7,ml,,,,0.81,ak,ak021anya3eg,2021-08-20T18:37:34.040Z,"63 km SSW of Kaktovik, Alaska",earthquake,,1.5,,,automatic,ak,ak
2021-08-20T16:06:46.590Z,38.5635,-112.183,13.92,1.3,ml,12,117,0.2121,0.09,uu,uu60454087,2021-08-20T16:43:51.180Z,"7 km SSE of Joseph, Utah",earthquake,0.73,1.56,0.519,3,reviewed,uu,uu
2021-08-20T16:06:31.520Z,59.8702,-136.7035,2.9,1.7,ml,,,,0.52,ak,ak021any8sz4,2021-08-20T16:20:46.587Z,"51 km NW of Mosquito Lake, Alaska",earthquake,,0.4,,,automatic,ak,ak
2021-08-20T15:58:14.624Z,38.4332,-119.5683,7.7,0.9,ml,19,201.86,0.084,0.147,nn,nn00819163,2021-08-21T02:40:05.696Z,"12 km SW of Walker, California",earthquake,,1.1,0.12,5,reviewed,nn,nn
2021-08-20T15:56:51.612Z,-58.6099,-23.0739,12.73,5.2,mww,,66,8.597,1.31,us,us6000f8tu,2021-08-20T16:15:15.040Z,"South Sandwich Islands region",earthquake,10.2,5,0.098,10,reviewed,us,us
2021-08-20T15:55:55.000Z,58.189,-154.760666666667,5.09,-0.02,ml,6,240,,0.12,av,av91039913,2021-08-21T06:34:06.290Z,"71 km NNW of Karluk, Alaska",earthquake,0.84,31.61,0.202127966108045,6,reviewed,av,av
2021-08-20T15:41:33.510Z,38.6036667,-112.204,17.43,0.85,md,11,159,0.1906,0.08,uu,uu60454082,2021-08-20T16:29:27.080Z,"2 km SSE of Joseph, Utah",earthquake,1.61,0.55,0.273,8,reviewed,uu,uu
2021-08-20T15:37:19.780Z,20.5805,145.3323,96.55,4.8,mb,,98,7.096,0.8,us,us6000f8tp,2021-08-20T15:58:04.040Z,"Maug Islands region, Northern Mariana Islands",earthquake,11.3,7.2,0.034,274,reviewed,us,us
2021-08-20T15:35:15.610Z,33.5035,-116.7763333,4.21,0.66,ml,20,39,0.02193,0.11,ci,ci40016488,2021-08-20T18:02:14.980Z,"11km NE of Aguanga, CA",earthquake,0.17,0.3,0.063,10,reviewed,ci,ci
2021-08-20T15:34:42.610Z,33.494,-116.7815,3.57,1.4,ml,58,23,0.02416,0.18,ci,ci40016480,2021-08-20T17:58:21.590Z,"10km NE of Aguanga, CA",earthquake,0.14,0.39,0.136,25,reviewed,ci,ci
2021-08-20T15:29:41.340Z,19.3903333333333,-155.277666666667,1.66,1.55,ml,22,50,,0.08,hv,hv72656947,2021-08-21T01:29:34.300Z,"7 km SW of Volcano, Hawaii",earthquake,0.19,0.19,0.074358163396933,6,reviewed,hv,hv
2021-08-20T15:19:44.640Z,38.5308333,-119.5255,2.26,1.05,md,13,66,0.02767,0.08,nc,nc73612516,2021-08-21T03:29:08.058Z,"29km SE of Markleeville, CA",earthquake,0.29,0.38,0.197,10,reviewed,nc,nc
2021-08-20T15:18:12.050Z,65.2256,-146.6018,8.4,0.8,ml,,,,0.62,ak,ak021anxpwgl,2021-08-20T15:22:27.808Z,"40 km NNE of Pleasant Valley, Alaska",earthquake,,0.5,,,automatic,ak,ak
2021-08-20T15:14:27.930Z,38.5093333,-119.5081667,5.47,1.5,md,13,127,0.009415,0.09,nc,nc73612511,2021-08-21T02:39:53.825Z,"32km SE of Markleeville, CA",earthquake,0.37,0.35,0.268,17,reviewed,nc,nc
2021-08-20T15:08:20.710Z,57.9538,-156.2824,150.7,1.6,ml,,,,0.83,ak,ak021anxnryv,2021-08-20T15:14:36.850Z,"70 km ESE of Egegik, Alaska",earthquake,,0.5,,,automatic,ak,ak
2021-08-20T15:07:47.434Z,-57.11,-25.1603,56.84,5.1,mb,,92,7,1.07,us,us6000f8tc,2021-08-20T15:19:26.040Z,"South Sandwich Islands region",earthquake,12.8,9.7,0.114,25,reviewed,us,us
2021-08-20T15:05:23.610Z,33.5893333,-116.803,7.5,0.41,ml,18,85,0.03276,0.08,ci,ci40016448,2021-08-20T17:44:00.634Z,"13km WNW of Anza, CA",earthquake,0.21,0.33,0.137,8,reviewed,ci,ci
2021-08-20T15:01:07.971Z,61.726,-152.0812,109.7,2.5,ml,,,,0.61,ak,ak021anxm8xi,2021-08-20T17:02:19.040Z,"46 km SW of Skwentna, Alaska",earthquake,,0.4,,,automatic,ak,ak
2021-08-20T14:48:20.140Z,58.4308333333333,-154.905666666667,4.32,0.14,ml,6,121,,0.14,av,av91039908,2021-08-21T06:31:06.890Z,"99 km NNW of Karluk, Alaska",earthquake,0.38,1.29,0.203936493031331,6,reviewed,av,av
2021-08-20T14:35:28.318Z,38.174,-117.7937,9.4,1.1,ml,13,115.36,0.062,0.1825,nn,nn00819153,2021-08-20T14:39:14.184Z,"36 km SE of Mina, Nevada",earthquake,,0.4,0.28,8,automatic,nn,nn
2021-08-20T14:18:50.170Z,35.8888333,-117.7206667,3.99,0.94,ml,22,43,0.08203,0.08,ci,ci40016408,2021-08-20T17:41:10.189Z,"18km ESE of Little Lake, CA",earthquake,0.13,0.3,0.155,8,reviewed,ci,ci
2021-08-20T14:16:11.992Z,62.027,-147.1176,50.2,0.8,ml,,,,0.71,ak,ak021anx41br,2021-08-20T14:20:29.954Z,"10 km NNE of Eureka Roadhouse, Alaska",earthquake,,1.1,,,automatic,ak,ak
2021-08-20T14:15:07.874Z,58.263,-133.6965,5,2,ml,,,,0.99,ak,ak021anx3tms,2021-08-20T16:41:11.312Z,"42 km E of Juneau, Alaska",ice quake,,0.4,,,automatic,ak,ak
2021-08-20T14:11:48.040Z,38.8348351,-122.8168335,1.67,1.18,md,11,112,0.01258,0.02,nc,nc73612506,2021-08-20T14:13:24.998Z,"8km W of Cobb, CA",earthquake,0.33,0.69,,1,automatic,nc,nc
2021-08-20T14:05:46.270Z,19.2163333892822,-155.426162719727,32.5699996948242,2.35,ml,42,147,,0.129999995,hv,hv72656837,2021-08-20T14:11:16.770Z,"5 km ENE of Pāhala, Hawaii",earthquake,0.55,0.730000019,3.82,6,automatic,hv,hv
2021-08-20T14:02:42.620Z,37.7086667,-118.7746667,6.12,0.48,md,11,269,0.04388,0.04,nc,nc73612501,2021-08-20T15:33:05.496Z,"18km NNW of Toms Place, CA",earthquake,1.59,0.99,0.272,10,reviewed,nc,nc
2021-08-20T14:01:22.410Z,18.2846,-68.8808,186,3.81,md,17,254,0.5495,0.02,pr,pr2021232011,2021-08-21T06:57:59.040Z,"18 km SSE of La Romana, Dominican Republic",earthquake,4.26,0.98,0.08,9,reviewed,pr,pr
2021-08-20T13:46:42.140Z,19.1653327941895,-155.46516418457,36.2099990844727,2.05,ml,30,164,,0.100000001,hv,hv72656792,2021-08-20T13:52:13.540Z,"4 km SSE of Pāhala, Hawaii",earthquake,0.8,1.38,1.55,3,automatic,hv,hv
2021-08-20T13:44:18.249Z,55.8477,-149.1875,9.67,3.1,ml,,225,2.656,0.43,us,us6000f8vb,2021-08-21T06:40:12.040Z,"272 km SE of Chiniak, Alaska",earthquake,5.4,7.6,0.059,38,reviewed,us,us
2021-08-20T13:40:13.460Z,47.5916666666667,-122.851666666667,15.31,0.23,ml,5,147,0.03295,0.15,uw,uw61760072,2021-08-20T17:41:15.460Z,"5 km SSW of Seabeck, Washington",earthquake,1.5,1.14,0.147674837359596,3,reviewed,uw,uw
2021-08-20T13:39:40.010Z,32.9816667,-115.9088333,10.34,1.35,ml,45,52,0.07596,0.19,ci,ci40016368,2021-08-20T17:39:09.420Z,"28km SE of Ocotillo Wells, CA",earthquake,0.19,0.49,0.159,22,reviewed,ci,ci
2021-08-20T13:36:18.230Z,19.3266666666667,-155.144333333333,2.83,1.77,md,39,107,,0.13,hv,hv72656777,2021-08-21T01:23:16.820Z,"15 km S of Fern Forest, Hawaii",earthquake,0.29,0.72,0.122503790529738,14,reviewed,hv,hv
2021-08-20T13:36:16.911Z,38.1274,-117.9842,11.4,1.7,ml,23,77.3,0.023,0.0959,nn,nn00819148,2021-08-21T02:39:40.965Z,"31 km SSE of Mina, Nevada",earthquake,,0.6,0.31,11,reviewed,nn,nn
2021-08-20T13:28:47.348Z,38.1353,-117.9782,11.8,0.9,ml,11,122.17,0.015,0.1149,nn,nn00819146,2021-08-20T13:32:20.401Z,"30 km SSE of Mina, Nevada",earthquake,,0.5,0.2,7,automatic,nn,nn
2021-08-20T13:27:06.025Z,38.1283,-117.9771,11.6,1.8,ml,23,77.07,0.018,0.1174,nn,nn00819142,2021-08-21T02:39:32.474Z,"31 km SSE of Mina, Nevada",earthquake,,0.6,0.32,11,reviewed,nn,nn
2021-08-20T13:13:48.670Z,35.7078333,-117.5055,2.25,0.56,ml,17,102,0.1261,0.13,ci,ci40016336,2021-08-20T17:32:07.415Z,"11km SW of Searles Valley, CA",earthquake,0.21,0.34,0.13,8,reviewed,ci,ci
2021-08-20T13:09:18.640Z,40.6168333,-121.6398333,5.48,1.12,md,12,114,0.0943,0.18,nc,nc73612496,2021-08-20T15:26:04.442Z,"11km NNE of Viola, CA",earthquake,0.57,3.23,0.122,10,reviewed,nc,nc
2021-08-20T13:02:39.040Z,45.6918333,-111.3233333,3.63,1.41,ml,11,203,0.235,0.16,mb,mb80520059,2021-08-20T14:04:20.400Z,"6 km SSW of Churchill, Montana",earthquake,1.17,5.79,0.125,12,reviewed,mb,mb
2021-08-20T12:58:45.045Z,37.934,-118.5634,11,1.1,ml,8,173.94,0.321,0.2073,nn,nn00819141,2021-08-20T13:02:49.663Z,"14 km NNW of Benton, California",earthquake,,2.1,0.37,4,automatic,nn,nn
2021-08-20T12:58:32.080Z,39.6773338,-122.864502,14.87,2.05,md,8,199,0.2716,0.08,nc,nc73612491,2021-08-20T13:00:10.533Z,"12km WNW of Alder Springs, CA",earthquake,0.82,0.94,0.2,4,automatic,nc,nc
2021-08-20T12:55:53.718Z,63.4227,-150.8686,2.3,1.4,ml,,,,1.02,ak,ak021anw5mcr,2021-08-20T13:01:00.528Z,"44 km ESE of Denali National Park, Alaska",earthquake,,0.3,,,automatic,ak,ak
2021-08-20T12:41:03.120Z,41.855,-111.497,8.08,1.38,md,15,112,0.2064,0.19,uu,uu60454077,2021-08-20T16:21:12.120Z,"9 km WSW of Garden, Utah",earthquake,0.47,1.37,0.213,13,reviewed,uu,uu
2021-08-20T12:39:28.780Z,19.514,-155.649166666667,3.58,0.94,md,17,64,,0.13,hv,hv72656692,2021-08-21T01:35:29.970Z,"23 km ENE of Honaunau-Napoopoo, Hawaii",earthquake,0.43,0.68,0.127410998969082,7,reviewed,hv,hv
2021-08-20T12:38:04.640Z,33.5706667,-116.3921667,8.93,0.4,ml,21,80,0.05483,0.08,ci,ci40016312,2021-08-20T17:28:39.713Z,"13km SW of La Quinta, CA",earthquake,0.19,0.38,0.169,9,reviewed,ci,ci
2021-08-20T12:37:50.878Z,64.653,-149.2785,14.2,0.9,ml,,,,0.94,ak,ak021anw1r8q,2021-08-20T12:59:20.063Z,"9 km NW of Four Mile Road, Alaska",earthquake,,0.4,,,automatic,ak,ak
2021-08-20T12:35:30.469Z,35.9945,-96.5315,0,1.33,ml,52,118,0.1538698055,0.39,ok,ok2021qhad,2021-08-20T12:48:30.428Z,"6 km E of Drumright, Oklahoma",quarry blast,,0.4,0.19,23,reviewed,ok,ok
2021-08-20T12:35:06.950Z,33.566,-116.3935,7.23,0.84,ml,40,66,0.05028,0.19,ci,ci40016304,2021-08-20T12:50:24.370Z,"13km SW of La Quinta, CA",earthquake,0.22,0.55,0.152,25,reviewed,ci,ci
2021-08-20T12:28:36.400Z,19.2485008239746,-155.413497924805,33.75,2.00999999,md,46,81,,0.129999995,hv,hv72656682,2021-08-20T12:31:43.370Z,"8 km NE of Pāhala, Hawaii",earthquake,0.54,0.850000024,1.09000003,20,automatic,hv,hv
2021-08-20T12:26:52.660Z,38.8341675,-122.8088303,2.41,0.85,md,10,84,0.0108,0.02,nc,nc73612481,2021-08-20T12:28:30.005Z,"8km W of Cobb, CA",earthquake,0.47,1.3,,1,automatic,nc,nc
2021-08-20T12:23:24.291Z,66.0497,-151.5148,0,1.5,ml,,,,0.62,ak,ak021anvyp6k,2021-08-20T12:28:16.067Z,"74 km SE of New Allakaket, Alaska",earthquake,,0.3,,,automatic,ak,ak
2021-08-20T12:23:16.820Z,60.8636,-146.7208,76.4,1.6,ml,,,,1.53,ak,ak021anvyovj,2021-08-20T16:39:30.694Z,"2 km W of Tatitlek, Alaska",ice quake,,0.8,,,automatic,ak,ak
2021-08-20T12:20:19.903Z,51.9947,-173.2943,80.35,4.7,mb,,40,0.569,0.76,us,us6000f8s7,2021-08-21T06:20:44.040Z,"66 km ESE of Atka, Alaska",earthquake,6.9,5.7,0.065,76,reviewed,us,us
2021-08-20T12:18:22.193Z,38.1807,-117.8404,8.5,2.4,ml,24,51.21,0.031,0.1242,nn,nn00819138,2021-08-21T02:39:24.484Z,"33 km SE of Mina, Nevada",earthquake,,0.7,0.45,10,reviewed,nn,nn
2021-08-20T12:07:26.907Z,62.265,-151.313,72,0.8,ml,,,,0.35,ak,ak021anvv9x4,2021-08-20T12:10:53.668Z,"30 km N of Skwentna, Alaska",earthquake,,0.8,,,automatic,ak,ak
2021-08-20T12:00:14.990Z,38.8260002,-122.7986679,1.56,0.84,md,10,87,0.009282,0.01,nc,nc73612471,2021-08-20T12:01:50.611Z,"6km NW of The Geysers, CA",earthquake,0.33,1.01,,1,automatic,nc,nc
2021-08-20T11:59:44.660Z,38.5497,-119.5317,6.3,0.3,ml,8,164.37,0.033,0.0701,nn,nn00819137,2021-08-20T12:05:39.971Z,"2 km SW of Coleville, California",earthquake,,0.9,0,1,automatic,nn,nn
2021-08-20T11:55:11.270Z,35.9148333,-117.6736667,8.25,0.28,ml,13,77,0.03803,0.05,ci,ci40016280,2021-08-20T17:25:25.716Z,"21km E of Little Lake, CA",earthquake,0.17,0.33,0.117,5,reviewed,ci,ci
2021-08-20T11:54:16.190Z,38.8255005,-122.7983322,1.62,1.17,md,14,88,0.00941,0.01,nc,nc73612466,2021-08-20T11:55:54.686Z,"6km NW of The Geysers, CA",earthquake,0.26,0.65,,1,automatic,nc,nc
2021-08-20T11:44:50.930Z,58.2934,-133.5732,2,2.9,ml,,,,0.57,ak,ak021anvhty1,2021-08-20T16:30:09.074Z,"49 km E of Juneau, Alaska",ice quake,,0.4,,,automatic,ak,ak
2021-08-20T11:44:04.150Z,19.1973323822021,-155.449829101562,36.189998626709,1.96,ml,49,123,,0.109999999,hv,hv72656607,2021-08-20T13:07:01.040Z,"3 km ESE of Pāhala, Hawaii",earthquake,0.49,0.769999981,3.7,10,automatic,hv,hv
2021-08-20T11:43:19.400Z,19.166166305542,-155.445663452148,33.0499992370605,2.09,ml,17,209,,0.150000006,hv,hv72656602,2021-08-20T11:48:49.640Z,"5 km SE of Pāhala, Hawaii",earthquake,1.26,1.34000003,4.37,7,automatic,hv,hv
2021-08-20T11:37:59.010Z,19.011,-67.6966,13,3.4,md,14,233,0.6632,0.44,pr,pr2021232010,2021-08-21T04:44:48.040Z,"85 km NW of San Antonio, Puerto Rico",earthquake,2.88,4.16,0.11,9,reviewed,pr,pr
2021-08-20T11:35:10.020Z,33.6275,-116.6888333,13.35,0.53,ml,26,61,0.04315,0.08,ci,ci40016272,2021-08-20T17:21:42.760Z,"8km N of Anza, CA",earthquake,0.18,0.29,0.148,14,reviewed,ci,ci
2021-08-20T11:29:22.694Z,52.6556,-169.4287,4.9,2,ml,,,,0.48,ak,ak021anvel6c,2021-08-20T16:30:08.805Z,"49 km SW of Nikolski, Alaska",earthquake,,2,,,reviewed,ak,ak
2021-08-20T11:25:12.160Z,35.8851667,-117.72,2.78,0.16,ml,13,62,0.08434,0.07,ci,ci40016248,2021-08-20T17:17:09.982Z,"18km ESE of Little Lake, CA",earthquake,0.17,0.21,0.144,4,reviewed,ci,ci
2021-08-20T11:20:00.372Z,61.7443,-141.8216,3.4,1.2,ml,,,,0.19,ak,ak021anvchgd,2021-08-20T11:38:19.527Z,"67 km ENE of McCarthy, Alaska",earthquake,,0.6,,,automatic,ak,ak
2021-08-20T11:17:07.540Z,35.828,-117.6571667,7.44,0.93,ml,23,74,0.05,0.1,ci,ci40016240,2021-08-20T17:16:36.890Z,"23km N of Ridgecrest, CA",earthquake,0.16,0.41,0.252,13,reviewed,ci,ci
2021-08-20T11:16:38.408Z,61.5825,-146.2859,37.7,1.2,ml,,,,0.39,ak,ak021anvbsmq,2021-08-20T11:24:37.622Z,"50 km N of Valdez, Alaska",earthquake,,0.8,,,automatic,ak,ak
2021-08-20T11:16:16.175Z,-58.8957,-24.7934,21.73,4.8,mb,,65,10.203,0.49,us,us6000f8rq,2021-08-20T11:33:32.040Z,"South Sandwich Islands region",earthquake,10.1,6,0.074,57,reviewed,us,us
2021-08-20T11:14:29.209Z,58.2859,-133.5642,2,2.7,ml,,,,0.52,ak,ak021anvbcgr,2021-08-20T16:26:28.123Z,"50 km E of Juneau, Alaska",ice quake,,0.5,,,automatic,ak,ak
2021-08-20T11:07:17.900Z,19.2761,-67.2798,23,3.43,md,15,293,0.826,0.37,pr,pr2021232008,2021-08-20T12:27:41.779Z,"88 km NNW of San Antonio, Puerto Rico",earthquake,1.64,26.8,0.06,11,reviewed,pr,pr
2021-08-20T10:54:45.260Z,17.9403,-66.9483,8,3.08,md,19,216,0.1002,0.12,pr,pr2021232009,2021-08-21T05:42:32.145Z,"5 km SW of Guánica, Puerto Rico",earthquake,0.5,0.91,0.26,14,reviewed,pr,pr
2021-08-20T10:53:27.284Z,39.3759,-120.0626,8.6,0.9,ml,12,96.83,0.086,0.0907,nn,nn00819136,2021-08-20T10:56:39.880Z,"4 km WSW of Floriston, California",earthquake,,1,0.26,7,automatic,nn,nn
2021-08-20T10:51:57.758Z,59.7316,-150.8002,34.1,1.9,ml,,,,0.8,ak,ak021anuxwkw,2021-08-20T11:11:55.290Z,"16 km SSE of Fox River, Alaska",earthquake,,0.2,,,automatic,ak,ak
2021-08-20T10:46:43.351Z,38.1509,-118.1151,6.3,0.8,ml,17,156.31,0.05,0.0929,nn,nn00819132,2021-08-21T02:39:11.085Z,"26 km S of Mina, Nevada",earthquake,,1.4,0.48,6,reviewed,nn,nn
2021-08-20T10:39:52.350Z,19.2286666666667,-155.452,34.88,1.57,md,29,108,,0.1,hv,hv72656552,2021-08-21T00:11:06.440Z,"3 km NE of Pāhala, Hawaii",earthquake,0.55,0.71,0.0956520904944463,12,reviewed,hv,hv
2021-08-20T10:39:42.356Z,61.1331,-152.1981,4.2,0.8,ml,,,,0.37,ak,ak021anuvat0,2021-08-21T05:20:54.620Z,"57 km W of Tyonek, Alaska",earthquake,,0.5,,,automatic,ak,ak
2021-08-20T10:38:30.203Z,61.2959,-150.1581,40.5,1.2,ml,,,,0.68,ak,ak021anuv25o,2021-08-20T10:41:50.942Z,"11 km SW of Point MacKenzie, Alaska",earthquake,,0.8,,,automatic,ak,ak
2021-08-20T10:38:11.540Z,38.8236656,-122.8568344,2.57,0.64,md,16,68,0.003874,0.02,nc,nc73612456,2021-08-20T10:39:49.953Z,"10km WNW of The Geysers, CA",earthquake,0.29,0.62,0.23,3,automatic,nc,nc
2021-08-20T10:31:55.790Z,35.66,-117.4813333,3.05,0.8,ml,13,159,0.07498,0.15,ci,ci40016232,2021-08-20T12:36:27.351Z,"14km SSW of Searles Valley, CA",earthquake,0.43,0.6,0.093,9,reviewed,ci,ci
2021-08-20T10:28:46.910Z,61.5214,-141.2719,0,1.1,ml,,,,0.97,ak,ak021anusy8r,2021-08-20T10:33:09.760Z,"88 km E of McCarthy, Alaska",earthquake,,0.6,,,automatic,ak,ak
2021-08-20T10:28:09.723Z,52.256,-170.7202,31.82,3.8,mb,,179,1.344,0.54,us,us6000f8rf,2021-08-20T16:24:47.582Z,"Fox Islands, Aleutian Islands, Alaska",earthquake,8.9,3.7,0.141,13,reviewed,us,us
2021-08-20T10:17:29.380Z,38.7261658,-122.8485031,5.43,0.97,md,15,226,0.04257,0.03,nc,nc73612446,2021-08-20T10:19:03.908Z,"10km SW of The Geysers, CA",earthquake,0.96,1.52,0.11,4,automatic,nc,nc
2021-08-20T10:17:05.680Z,38.7111664,-122.8513336,6.76,1.93,md,38,179,0.05764,0.05,nc,nc73612441,2021-08-20T10:20:20.600Z,"11km SW of The Geysers, CA",earthquake,0.3,0.65,0.07,11,automatic,nc,nc
2021-08-20T10:15:41.700Z,35.8883333,-117.7213333,3.83,0.73,ml,19,61,0.08277,0.09,ci,ci40016224,2021-08-20T17:12:37.300Z,"18km ESE of Little Lake, CA",earthquake,0.16,0.39,0.113,8,reviewed,ci,ci
2021-08-20T10:14:14.912Z,62.8984,-151.2978,125.2,1.6,ml,,,,0.38,ak,ak021anupvrf,2021-08-20T10:19:47.886Z,"52 km NNW of Petersville, Alaska",earthquake,,1,,,automatic,ak,ak
2021-08-20T10:14:05.080Z,38.7275009,-122.8444977,5.08,0.95,md,12,223,0.04123,0.03,nc,nc73612436,2021-08-20T10:15:39.691Z,"9km SW of The Geysers, CA",earthquake,0.72,1.36,0.05,5,automatic,nc,nc
2021-08-20T10:13:00.160Z,46.1968333333333,-122.182333333333,0.96,0.15,ml,14,145,0.004022,0.09,uw,uw61760057,2021-08-20T17:45:26.590Z,"37 km NNE of Amboy, Washington",earthquake,0.38,0.17,0.281762363649085,6,reviewed,uw,uw
2021-08-20T10:09:16.760Z,35.886,-117.7216667,4,0.8,ml,21,43,0.08464,0.08,ci,ci40016216,2021-08-20T17:10:21.288Z,"18km ESE of Little Lake, CA",earthquake,0.12,0.32,0.199,10,reviewed,ci,ci
2021-08-20T10:06:47.980Z,38.776001,-122.7444992,0.28,0.99,md,14,64,0.009441,0.05,nc,nc73612431,2021-08-20T10:08:24.938Z,"1km E of The Geysers, CA",earthquake,0.25,0.43,0.11,5,automatic,nc,nc
2021-08-20T10:06:27.810Z,19.386,-155.2805,1.08,1.31,md,14,76,,0.08,hv,hv72656507,2021-08-21T01:41:27.620Z,"7 km SW of Volcano, Hawaii",earthquake,0.22,0.28,0.0793274335308889,4,reviewed,hv,hv
2021-08-20T10:00:46.260Z,65.627,-148.197,12.3,1,ml,,,,0.66,ak,ak021anumy6q,2021-08-20T10:03:55.870Z,"19 km NE of Livengood, Alaska",earthquake,,0.6,,,automatic,ak,ak
2021-08-20T09:59:16.950Z,37.5085,-118.8658333,3.64,0.49,md,10,306,0.1103,0.03,nc,nc73612426,2021-08-20T15:18:03.622Z,"17km SE of Mammoth Lakes, CA",earthquake,0.88,1.52,0.136,8,reviewed,nc,nc
2021-08-20T09:55:59.920Z,38.7748337,-122.7431641,1.56,0.54,md,8,140,0.009785,0,nc,nc73612421,2021-08-20T09:57:35.542Z,"1km ESE of The Geysers, CA",earthquake,0.33,0.58,0.09,3,automatic,nc,nc
2021-08-20T09:55:55.470Z,35.8701667,-117.701,8.87,0.36,ml,14,72,0.08046,0.06,ci,ci40016208,2021-08-20T17:07:37.269Z,"20km ESE of Little Lake, CA",earthquake,0.15,0.48,0.198,6,reviewed,ci,ci
2021-08-20T09:53:22.390Z,38.7718315,-122.74617,1.17,2.38,md,47,77,0.01357,0.07,nc,nc73612416,2021-08-20T10:15:11.836Z,"1km SE of The Geysers, CA",earthquake,0.18,0.24,0.16,25,automatic,nc,nc
2021-08-20T09:44:36.852Z,38.1645,-117.8105,4.2,0.3,ml,8,98.82,0.048,0.0837,nn,nn00819171,2021-08-21T02:40:12.942Z,"Nevada",earthquake,,2.2,0.53,7,reviewed,nn,nn
2021-08-20T09:44:15.798Z,38.4821,-119.5121,3.5,-0.2,ml,7,162.37,0.021,0.1099,nn,nn00819131,2021-08-21T02:39:06.064Z,"4 km SW of Walker, California",earthquake,,1.5,0.19,3,reviewed,nn,nn
2021-08-20T09:43:15.125Z,38.1433,-117.9749,9.2,1.4,ml,24,120.76,0.013,0.1254,nn,nn00819128,2021-08-21T02:39:02.777Z,"29 km SSE of Mina, Nevada",earthquake,,0.6,0.28,11,reviewed,nn,nn
2021-08-20T09:43:11.880Z,19.2353,-67.1851,26,3.7,md,16,238,0.7714,0.41,pr,pr2021232007,2021-08-20T10:35:44.684Z,"82 km N of San Antonio, Puerto Rico",earthquake,1.74,27.62,0.08,4,reviewed,pr,pr
